unit_id,barrage_id,time1,time2,time3
1001,1,2.00,2.00,1.00
1001,2,1.80,1.80,0.90
1001,3,15.60,6.30,3.15
1001,4,15.20,6.00,3.00
1001,7,15.46,5.46,2.73
1002,1,2.10,2.10,1.05
1002,2,2.20,2.20,1.10
1002,3,12.70,5.70,2.85
1002,4,14.20,5.80,2.90
1002,7,15.85,6.65,3.33
1003,1,2.60,2.60,1.30
1003,2,1.85,1.85,0.92
1003,3,16.85,6.65,3.32
1003,4,17.70,4.70,2.35
1003,7,17.60,8.30,4.15
1004,1,2.50,2.50,1.25
1004,2,2.60,2.60,1.30
1004,3,16.65,5.45,2.72
1004,4,12.05,4.60,2.30
1004,7,14.72,4.52,2.26
1005,1,2.60,2.60,1.30
1005,2,2.90,2.90,1.45
1005,3,14.79,4.89,2.44
1005,4,13.20,5.25,2.62
1005,7,20.30,6.85,3.42
1006,1,1.75,1.75,0.88
1006,2,2.55,2.55,1.27
1006,3,15.80,5.30,2.65
1006,4,16.95,7.15,3.57
1006,7,15.44,4.64,2.32
1007,1,2.10,2.10,1.05
1007,2,1.90,1.90,0.95
1007,3,16.40,5.10,2.55
1007,4,17.00,4.90,2.45
1007,7,14.75,5.85,2.93
1008,1,2.70,2.70,1.35
1008,2,2.00,2.00,1.00
1008,3,16.40,7.60,3.80
1008,4,17.70,7.80,3.90
1008,7,19.40,9.10,4.55
1009,1,2.30,2.30,1.15
1009,2,1.80,1.80,0.90
1009,3,15.15,5.15,2.57
1009,4,14.85,4.55,2.28
1009,7,16.86,4.91,2.45
1010,1,2.38,2.38,1.19
1010,2,1.80,1.80,0.90
1010,3,17.85,4.85,2.42
1010,4,13.60,4.60,2.30
1010,7,18.32,8.02,4.01
1011,1,1.70,1.70,0.85
1011,2,1.45,1.45,0.72
1011,3,14.75,5.70,2.85
1011,4,16.00,6.20,3.10
1011,7,20.82,9.12,4.56
1012,1,2.30,2.30,1.15
1012,2,1.60,1.60,0.80
1012,3,13.20,4.80,2.40
1012,4,13.85,6.20,3.10
1012,7,14.25,5.20,2.60
1013,1,2.65,2.65,1.33
1013,2,3.80,3.80,1.90
1013,3,14.50,5.80,2.90
1013,4,15.50,6.10,3.05
1013,7,19.30,7.70,3.85
1014,1,1.45,1.45,0.73
1014,2,1.85,1.85,0.92
1014,3,13.35,5.25,2.62
1014,4,15.40,6.90,3.45
1014,7,17.95,5.95,2.97
1015,1,2.10,2.10,1.05
1015,2,2.20,2.20,1.10
1015,3,14.07,5.62,2.81
1015,4,12.00,3.70,1.85
1015,7,17.05,6.65,3.33
1016,1,2.02,2.02,1.01
1016,2,2.05,2.05,1.02
1016,3,13.65,5.50,2.75
1016,4,15.65,4.85,2.43
1016,7,15.88,4.28,2.14
1017,1,1.40,1.40,0.70
1017,2,1.86,1.86,0.93
1017,3,16.53,5.73,2.86
1017,4,22.85,12.45,6.23
1017,7,21.92,11.72,5.86
1018,1,2.15,2.15,1.07
1018,2,2.26,2.26,1.13
1018,3,16.70,6.80,3.40
1018,4,16.95,6.95,3.48
1018,7,17.84,6.14,3.07
1019,1,2.18,2.18,1.09
1019,2,1.90,1.90,0.95
1019,3,15.90,6.00,3.00
1019,4,12.88,2.98,1.49
1019,7,18.40,8.50,4.25
1020,1,1.94,1.94,0.97
1020,2,2.50,2.50,1.25
1020,3,13.58,6.28,3.14
1020,4,15.85,6.05,3.03
1020,7,22.95,12.55,6.28
1021,1,1.45,1.45,0.72
1021,2,1.57,1.57,0.78
1021,3,11.64,3.04,1.52
1021,4,11.97,5.07,2.54
1021,7,17.17,7.27,3.64
1022,1,3.18,3.18,1.59
1022,2,2.05,2.05,1.02
1022,3,15.45,6.75,3.38
1022,4,14.55,6.75,3.38
1022,7,16.96,9.66,4.83
1023,1,1.96,1.96,0.98
1023,2,1.55,1.55,0.77
1023,3,14.30,5.90,2.95
1023,4,15.20,5.90,2.95
1023,7,14.30,4.30,2.15
1024,1,1.60,1.60,0.80
1024,2,2.15,2.15,1.07
1024,3,15.32,5.82,2.91
1024,4,15.80,7.30,3.65
1024,7,18.78,7.68,3.84
1025,1,2.15,2.15,1.08
1025,2,2.38,2.38,1.19
1025,3,11.31,3.41,1.71
1025,4,12.90,4.60,2.30
1025,7,20.05,10.65,5.33
1026,1,2.10,2.10,1.05
1026,2,2.25,2.25,1.12
1026,3,15.05,6.00,3.00
1026,4,16.80,7.40,3.70
1026,7,20.76,9.56,4.78
1029,1,2.12,2.12,1.06
1029,2,2.40,2.40,1.20
1029,3,14.50,5.10,2.55
1029,4,15.45,5.85,2.92
1029,7,21.30,11.40,5.70
1030,1,2.60,2.60,1.30
1030,2,1.80,1.80,0.90
1030,3,15.53,6.73,3.36
1030,4,15.95,6.95,3.48
1030,7,16.42,6.22,3.11
1031,1,1.90,1.90,0.95
1031,2,1.68,1.68,0.84
1031,3,13.45,5.95,2.98
1031,4,17.50,8.40,4.20
1031,7,19.60,7.20,3.60
1032,1,2.25,2.25,1.12
1032,2,2.15,2.15,1.08
1032,3,16.25,7.25,3.63
1032,4,18.70,7.70,3.85
1032,7,17.11,6.06,3.03
1033,1,2.00,2.00,1.00
1033,2,1.65,1.65,0.82
1033,3,14.70,5.70,2.85
1033,4,14.00,5.50,2.75
1033,7,14.10,5.90,2.95
1034,1,1.80,1.80,0.90
1034,2,2.45,2.45,1.23
1034,3,11.55,3.95,1.97
1034,4,17.50,7.40,3.70
1034,7,17.90,8.40,4.20
1035,1,2.59,2.59,1.30
1035,2,1.82,1.82,0.91
1035,3,14.60,4.30,2.15
1035,4,15.00,5.10,2.55
1035,7,18.20,5.80,2.90
1036,1,2.52,2.52,1.26
1036,2,3.70,3.70,1.85
1036,3,21.40,10.20,5.10
1036,4,21.10,10.50,5.25
1036,7,23.70,12.60,6.30
1037,1,2.16,2.16,1.08
1037,2,1.48,1.48,0.74
1037,3,17.06,6.46,3.23
1037,4,17.55,7.55,3.78
1037,7,20.65,11.05,5.53
1038,1,2.70,2.70,1.35
1038,2,2.05,2.05,1.02
1038,3,14.20,5.20,2.60
1038,4,16.50,7.60,3.80
1038,7,14.70,7.00,3.50
1039,1,2.05,2.05,1.02
1039,2,1.23,1.23,0.62
1039,3,14.55,5.25,2.63
1039,4,15.24,5.34,2.67
1039,7,22.80,10.60,5.30
1040,1,2.45,2.45,1.23
1040,2,3.10,3.10,1.55
1040,3,15.84,6.34,3.17
1040,4,16.60,8.30,4.15
1040,7,20.15,9.65,4.82
1042,1,3.00,3.00,1.50
1042,2,2.60,2.60,1.30
1042,3,13.85,4.75,2.38
1042,4,16.10,6.50,3.25
1042,7,17.90,7.50,3.75
1043,1,1.90,1.90,0.95
1043,2,2.70,2.70,1.35
1043,3,14.60,4.50,2.25
1043,4,17.60,9.40,4.70
1043,7,15.75,6.85,3.42
1044,1,1.90,1.90,0.95
1044,2,2.10,2.10,1.05
1044,3,16.14,7.04,3.52
1044,4,13.55,5.55,2.78
1044,7,16.40,7.60,3.80
1045,1,2.30,2.30,1.15
1045,2,2.30,2.30,1.15
1045,3,14.40,5.70,2.85
1045,4,15.30,6.60,3.30
1045,7,14.00,6.80,3.40
1046,1,1.60,1.60,0.80
1046,2,1.90,1.90,0.95
1046,3,14.20,5.50,2.75
1046,4,16.05,7.95,3.97
1046,7,13.25,6.15,3.07
1047,1,3.10,3.10,1.55
1047,2,2.30,2.30,1.15
1047,3,12.90,4.70,2.35
1047,4,15.10,6.30,3.15
1047,7,14.40,6.40,3.20
1048,1,1.45,1.45,0.73
1048,2,3.30,3.30,1.65
1048,3,15.60,6.50,3.25
1048,4,17.20,6.70,3.35
1048,7,14.55,7.15,3.58
1049,1,2.25,2.25,1.12
1049,2,2.95,2.95,1.47
1049,3,15.00,5.80,2.90
1049,4,17.60,9.00,4.50
1049,7,16.90,8.80,4.40
1050,1,2.00,2.00,1.00
1050,2,2.00,2.00,1.00
1050,3,16.30,8.80,4.40
1050,4,15.00,8.30,4.15
1050,7,13.65,5.45,2.73
1051,1,2.35,2.35,1.17
1051,2,2.20,2.20,1.10
1051,3,14.60,8.10,4.05
1051,4,16.40,7.40,3.70
1051,7,19.40,10.00,5.00
1052,1,2.88,2.88,1.44
1052,2,2.50,2.50,1.25
1052,3,14.95,7.35,3.68
1052,4,15.40,6.30,3.15
1052,7,16.55,7.25,3.63
1053,1,2.60,2.60,1.30
1053,2,3.65,3.65,1.83
1053,3,14.50,6.70,3.35
1053,4,13.40,5.30,2.65
1053,7,17.70,9.40,4.70
1054,1,1.55,1.55,0.78
1054,2,2.75,2.75,1.38
1054,3,15.00,7.20,3.60
1054,4,13.50,5.80,2.90
1054,7,13.95,6.95,3.48
1055,1,2.19,2.19,1.10
1055,2,1.60,1.60,0.80
1055,3,15.50,8.20,4.10
1055,4,16.20,7.50,3.75
1055,7,19.15,8.15,4.07
1056,1,1.95,1.95,0.97
1056,2,2.16,2.16,1.08
1056,3,14.30,6.60,3.30
1056,4,16.80,8.60,4.30
1056,7,18.00,7.40,3.70
1057,1,2.99,2.99,1.49
1057,2,1.95,1.95,0.98
1057,3,18.60,11.00,5.50
1057,4,20.50,11.40,5.70
1057,7,21.80,11.00,5.50
1058,1,2.20,2.20,1.10
1058,2,2.30,2.30,1.15
1058,3,15.55,8.15,4.07
1058,4,16.70,8.80,4.40
1058,7,15.60,8.10,4.05
1059,1,2.50,2.50,1.25
1059,2,2.40,2.40,1.20
1059,3,15.80,6.10,3.05
1059,4,14.65,5.65,2.83
1059,7,13.55,5.55,2.78
1060,1,2.50,2.50,1.25
1060,2,3.20,3.20,1.60
1060,3,14.70,7.70,3.85
1060,4,14.60,6.60,3.30
1060,7,14.90,6.60,3.30
1061,1,4.40,4.40,2.20
1061,2,2.25,2.25,1.12
1061,3,17.35,6.65,3.33
1061,4,15.90,7.20,3.60
1061,7,19.80,9.90,4.95
1062,1,2.90,2.90,1.45
1062,2,3.45,3.45,1.73
1062,3,17.20,8.80,4.40
1062,4,14.20,6.60,3.30
1062,7,17.20,9.70,4.85
1063,1,2.50,2.50,1.25
1063,2,3.15,3.15,1.57
1063,3,15.30,7.40,3.70
1063,4,16.70,8.40,4.20
1063,7,16.50,8.80,4.40
1064,1,2.60,2.60,1.30
1064,2,2.50,2.50,1.25
1064,3,17.00,8.20,4.10
1064,4,15.90,6.50,3.25
1064,7,16.60,8.50,4.25
1065,1,1.65,1.65,0.83
1065,2,1.90,1.90,0.95
1065,3,16.60,7.10,3.55
1065,4,18.20,9.10,4.55
1065,7,21.10,11.50,5.75
1066,1,2.70,2.70,1.35
1066,2,1.80,1.80,0.90
1066,3,19.40,8.80,4.40
1066,4,18.60,8.00,4.00
1066,7,17.70,8.90,4.45
1067,1,3.60,3.60,1.80
1067,2,2.70,2.70,1.35
1067,3,21.50,9.90,4.95
1067,4,18.00,9.40,4.70
1067,7,15.40,8.00,4.00
1068,1,2.75,2.75,1.38
1068,2,2.80,2.80,1.40
1068,3,13.90,6.00,3.00
1068,4,14.50,5.30,2.65
1068,7,20.15,10.35,5.17
1069,1,2.30,2.30,1.15
1069,2,2.80,2.80,1.40
1069,3,12.65,5.95,2.98
1069,4,15.95,7.95,3.97
1069,7,14.25,7.75,3.88
1070,1,2.45,2.45,1.22
1070,2,2.40,2.40,1.20
1070,3,15.99,6.59,3.30
1070,4,16.26,8.76,4.38
1070,7,21.25,11.15,5.57
1071,1,2.62,2.62,1.31
1071,2,2.52,2.52,1.26
1071,3,18.11,8.41,4.21
1071,4,18.50,8.20,4.10
1071,7,15.38,6.48,3.24
1072,1,2.80,2.80,1.40
1072,2,2.20,2.20,1.10
1072,3,15.30,6.70,3.35
1072,4,16.90,8.20,4.10
1072,7,20.40,10.30,5.15
1073,1,3.10,3.10,1.55
1073,2,2.25,2.25,1.12
1073,3,14.20,6.30,3.15
1073,4,18.10,9.00,4.50
1073,7,21.20,12.20,6.10
1074,1,4.40,4.40,2.20
1074,2,2.05,2.05,1.02
1074,3,19.00,9.50,4.75
1074,4,17.60,10.00,5.00
1074,7,23.10,14.10,7.05
1075,1,1.75,1.75,0.87
1075,2,1.85,1.85,0.92
1075,3,13.05,5.65,2.83
1075,4,13.20,6.00,3.00
1075,7,23.70,15.20,7.60
1076,1,1.90,1.90,0.95
1076,2,1.90,1.90,0.95
1076,3,20.40,12.20,6.10
1076,4,22.50,14.70,7.35
1076,7,19.20,11.60,5.80
1077,1,2.22,2.22,1.11
1077,2,2.30,2.30,1.15
1077,3,19.95,12.05,6.02
1077,4,12.70,4.60,2.30
1077,7,20.50,12.00,6.00
1078,1,1.45,1.45,0.73
1078,2,1.90,1.90,0.95
1078,3,16.20,9.10,4.55
1078,4,17.80,7.70,3.85
1078,7,19.97,9.37,4.69
1079,1,2.65,2.65,1.33
1079,2,2.75,2.75,1.37
1079,3,19.00,10.40,5.20
1079,4,18.10,8.20,4.10
1079,7,23.80,13.50,6.75
1080,1,2.50,2.50,1.25
1080,2,2.55,2.55,1.27
1080,3,15.10,7.40,3.70
1080,4,16.70,9.50,4.75
1080,7,19.85,10.65,5.32
1081,1,2.90,2.90,1.45
1081,2,3.60,3.60,1.80
1081,3,15.30,7.90,3.95
1081,4,15.60,8.50,4.25
1081,7,21.40,13.10,6.55
1082,1,2.60,2.60,1.30
1082,2,2.60,2.60,1.30
1082,3,21.70,12.70,6.35
1082,4,21.20,13.30,6.65
1082,7,20.25,11.25,5.63
1083,1,1.80,1.80,0.90
1083,2,1.80,1.80,0.90
1083,3,19.10,10.90,5.45
1083,4,15.35,9.05,4.53
1083,7,17.50,8.00,4.00
1084,1,3.05,3.05,1.52
1084,2,2.85,2.85,1.42
1084,3,14.55,6.65,3.33
1084,4,16.25,7.05,3.53
1084,7,13.60,9.70,4.85
1085,1,2.80,2.80,1.40
1085,2,4.20,4.20,2.10
1085,3,14.90,6.00,3.00
1085,4,19.80,10.90,5.45
1085,7,23.10,14.40,7.20
1086,1,2.70,2.70,1.35
1086,2,2.70,2.70,1.35
1086,3,13.70,6.40,3.20
1086,4,16.00,8.20,4.10
1086,7,17.40,6.60,3.30
1087,1,1.85,1.85,0.92
1087,2,1.70,1.70,0.85
1087,3,12.90,4.70,2.35
1087,4,15.30,6.60,3.30
1087,7,24.00,9.70,4.85
1088,1,2.85,2.85,1.42
1088,2,2.10,2.10,1.05
1088,3,16.70,6.60,3.30
1088,4,20.10,10.90,5.45
1088,7,21.90,12.60,6.30
1089,1,3.95,3.95,1.98
1089,2,1.85,1.85,0.92
1089,3,17.40,7.60,3.80
1089,4,20.70,9.40,4.70
1089,7,25.30,15.50,7.75
1090,1,2.42,2.42,1.21
1090,2,2.20,2.20,1.10
1090,3,16.20,7.40,3.70
1090,4,21.43,9.53,4.76
1090,7,23.84,13.54,6.77
1091,1,3.00,3.00,1.50
1091,2,2.37,2.37,1.18
1091,3,13.80,5.40,2.70
1091,4,16.20,6.70,3.35
1091,7,22.50,10.80,5.40
1092,1,1.80,1.80,0.90
1092,2,2.05,2.05,1.02
1092,3,20.20,7.10,3.55
1092,4,22.45,9.65,4.83
1092,7,28.20,15.10,7.55
1093,1,1.91,1.91,0.95
1093,2,2.11,2.11,1.06
1093,3,24.06,13.96,6.98
1093,4,21.85,8.85,4.43
1093,7,26.58,13.38,6.69
1094,1,2.80,2.80,1.40
1094,2,4.50,4.50,2.25
1094,3,14.75,7.05,3.52
1094,4,19.40,10.60,5.30
1094,7,25.20,14.60,7.30
1095,1,2.00,2.00,1.00
1095,2,2.01,2.01,1.01
1095,3,16.80,8.00,4.00
1095,4,15.75,6.15,3.08
1095,7,26.37,17.27,8.63
1096,1,3.68,3.68,1.84
1096,2,3.40,3.40,1.70
1096,3,17.10,8.20,4.10
1096,4,16.92,8.82,4.41
1096,7,22.35,12.05,6.02
1097,1,2.65,2.65,1.33
1097,2,2.85,2.85,1.42
1097,3,19.12,9.92,4.96
1097,4,17.25,7.95,3.98
1097,7,17.70,9.00,4.50
1098,1,1.80,1.80,0.90
1098,2,1.48,1.48,0.74
1098,3,21.00,11.50,5.75
1098,4,20.65,8.35,4.17
1098,7,25.90,15.60,7.80
1099,1,2.20,2.20,1.10
1099,2,2.44,2.44,1.22
1099,3,19.14,8.14,4.07
1099,4,16.92,6.52,3.26
1099,7,25.02,15.52,7.76
1100,1,1.90,1.90,0.95
1100,2,2.63,2.63,1.32
1100,3,20.60,9.60,4.80
1100,4,20.88,9.58,4.79
1100,7,22.06,10.86,5.43
1101,1,3.40,3.40,1.70
1101,2,2.15,2.15,1.08
1101,3,17.27,6.07,3.03
1101,4,22.40,11.10,5.55
1101,7,22.84,12.54,6.27
1102,1,3.39,3.39,1.69
1102,2,2.92,2.92,1.46
1102,3,19.90,11.00,5.50
1102,4,18.10,8.60,4.30
1102,7,23.34,12.24,6.12
1103,1,2.17,2.17,1.09
1103,2,2.30,2.30,1.15
1103,3,14.88,6.48,3.24
1103,4,18.30,8.20,4.10
1103,7,19.30,10.70,5.35
1104,1,2.00,2.00,1.00
1104,2,2.40,2.40,1.20
1104,3,23.63,10.93,5.47
1104,4,22.30,10.40,5.20
1104,7,17.75,10.55,5.27
1105,1,1.90,1.90,0.95
1105,2,1.65,1.65,0.83
1105,3,20.60,11.90,5.95
1105,4,22.37,10.57,5.29
1105,7,25.05,14.15,7.07
1106,1,2.60,2.60,1.30
1106,2,2.70,2.70,1.35
1106,3,18.20,9.60,4.80
1106,4,20.40,10.80,5.40
1106,7,23.35,12.70,6.35
1107,1,2.30,2.30,1.15
1107,2,2.20,2.20,1.10
1107,3,17.40,8.50,4.25
1107,4,14.40,6.20,3.10
1107,7,17.30,8.00,4.00
1108,1,2.62,2.62,1.31
1108,2,5.20,5.20,2.60
1108,3,17.10,7.60,3.80
1108,4,23.71,10.01,5.00
1108,7,28.40,16.00,8.00
1109,1,2.30,2.30,1.15
1109,2,3.75,3.75,1.88
1109,3,16.80,8.50,4.25
1109,4,17.00,9.50,4.75
1109,7,23.75,13.25,6.63
1110,1,3.35,3.35,1.67
1110,2,2.85,2.85,1.43
1110,3,17.45,8.35,4.18
1110,4,21.70,11.30,5.65
1110,7,20.95,10.35,5.17
1111,1,2.75,2.75,1.38
1111,2,3.45,3.45,1.72
1111,3,19.72,9.22,4.61
1111,4,19.50,9.30,4.65
1111,7,25.30,14.60,7.30
1112,1,3.20,3.20,1.60
1112,2,2.30,2.30,1.15
1112,3,16.06,7.96,3.98
1112,4,16.20,7.90,3.95
1112,7,23.65,11.85,5.92
1113,1,2.55,2.55,1.27
1113,2,2.75,2.75,1.38
1113,3,16.10,7.00,3.50
1113,4,21.35,11.35,5.68
1113,7,23.69,13.99,6.99
1114,1,3.20,3.20,1.60
1114,2,6.05,6.05,3.03
1114,3,18.25,8.55,4.27
1114,4,17.72,8.92,4.46
1114,7,25.52,15.82,7.91
1116,1,4.00,4.00,2.00
1116,2,6.60,6.60,3.30
1116,3,20.55,8.00,4.00
1116,4,22.65,11.50,5.75
1116,7,32.65,17.70,8.85
1117,1,3.80,3.80,1.90
1117,2,3.70,3.70,1.85
1117,3,19.26,9.21,4.60
1117,4,18.70,9.00,4.50
1117,7,25.31,15.61,7.80
1118,1,4.59,4.59,2.30
1118,2,4.85,4.85,2.43
1118,3,20.20,11.70,5.85
1118,4,18.20,9.60,4.80
1118,7,26.50,15.90,7.95
1119,1,4.90,4.90,2.45
1119,2,4.20,4.20,2.10
1119,3,15.98,7.88,3.94
1119,4,18.70,8.80,4.40
1119,7,25.68,14.28,7.14
1120,1,3.30,3.30,1.65
1120,2,3.30,3.30,1.65
1120,3,23.65,10.70,5.35
1120,4,20.70,10.60,5.30
1120,7,26.95,16.50,8.25
1121,1,3.30,3.30,1.65
1121,2,3.35,3.35,1.68
1121,3,21.50,8.70,4.35
1121,4,22.80,9.60,4.80
1121,7,22.70,9.50,4.75
1122,1,4.35,4.35,2.18
1122,2,4.80,4.80,2.40
1122,3,17.10,8.00,4.00
1122,4,16.60,8.70,4.35
1122,7,28.70,17.85,8.92
1123,1,7.33,7.33,3.66
1123,2,7.57,7.57,3.79
1123,3,26.65,14.55,7.28
1123,4,22.66,10.86,5.43
1123,7,24.40,12.80,6.40
1124,1,3.50,3.50,1.75
1124,2,3.40,3.40,1.70
1124,3,30.40,18.70,9.35
1124,4,23.81,12.11,6.06
1124,7,28.50,16.00,8.00
1125,1,4.00,4.00,2.00
1125,2,2.40,2.40,1.20
1125,3,25.45,12.00,6.00
1125,4,21.20,10.00,5.00
1125,7,26.45,13.15,6.58
1127,1,4.80,4.80,2.40
1127,2,4.90,4.90,2.45
1127,3,27.45,12.80,6.40
1127,4,22.95,9.60,4.80
1127,7,32.20,15.60,7.80
1128,1,3.80,3.80,1.90
1128,2,5.60,5.60,2.80
1128,3,25.60,11.60,5.80
1128,4,22.60,7.60,3.80
1128,7,37.08,19.43,9.72
1129,1,5.80,5.80,2.90
1129,2,5.80,5.80,2.90
1129,3,36.00,18.60,9.30
1129,4,27.60,10.80,5.40
1129,7,37.95,15.60,7.80
1130,1,6.89,6.89,3.45
1130,2,7.80,7.80,3.90
1130,3,27.90,10.60,5.30
1130,4,29.40,13.60,6.80
1130,7,31.50,12.70,6.35
1131,1,5.30,5.30,2.65
1131,2,5.30,5.30,2.65
1131,3,27.50,12.60,6.30
1131,4,26.40,9.60,4.80
1131,7,29.10,11.60,5.80
2001,1,2.40,2.40,1.20
2001,2,2.90,2.90,1.45
2001,3,19.10,10.50,5.25
2001,4,18.55,8.35,4.18
2001,7,24.36,15.26,7.63
2002,1,2.60,2.60,1.30
2002,2,3.35,3.35,1.67
2002,3,13.30,4.70,2.35
2002,4,14.75,5.95,2.97
2002,7,11.55,4.45,2.23
2003,1,3.30,3.30,1.65
2003,2,1.80,1.80,0.90
2003,3,20.55,9.35,4.68
2003,4,24.90,13.60,6.80
2003,7,29.10,17.30,8.65
2005,1,2.56,2.56,1.28
2005,2,3.40,3.40,1.70
2005,3,19.35,11.25,5.63
2005,4,17.80,8.90,4.45
2005,7,22.98,14.38,7.19
2006,1,3.70,3.70,1.85
2006,2,3.80,3.80,1.90
2006,3,17.70,7.80,3.90
2006,4,17.36,7.66,3.83
2006,7,24.59,10.99,5.49
2007,1,3.40,3.40,1.70
2007,2,3.30,3.30,1.65
2007,3,14.65,6.10,3.05
2007,4,23.55,9.60,4.80
2007,7,18.85,10.85,5.43
2008,1,3.30,3.30,1.65
2008,2,3.45,3.45,1.72
2008,3,17.60,6.00,3.00
2008,4,23.80,12.40,6.20
2008,7,24.80,14.00,7.00
2010,1,1.20,1.20,0.60
2010,2,2.40,2.40,1.20
2010,3,18.30,6.60,3.30
2010,4,14.90,6.30,3.15
2010,7,19.70,11.50,5.75
2011,1,1.80,1.80,0.90
2011,2,1.65,1.65,0.82
2011,3,14.85,6.45,3.23
2011,4,13.05,4.65,2.33
2011,7,14.91,5.61,2.81
2013,1,4.30,4.30,2.15
2013,2,2.80,2.80,1.40
2013,3,16.40,6.60,3.30
2013,4,14.70,6.60,3.30
2013,7,18.55,9.50,4.75
2014,1,4.00,4.00,2.00
2014,2,3.50,3.50,1.75
2014,3,20.40,7.90,3.95
2014,4,18.85,7.00,3.50
2014,7,22.00,9.50,4.75
2015,1,2.30,2.30,1.15
2015,2,1.70,1.70,0.85
2015,3,9.73,5.03,2.51
2015,4,12.05,6.05,3.03
2015,7,22.02,12.52,6.26
2016,1,2.68,2.68,1.34
2016,2,2.50,2.50,1.25
2016,3,18.80,9.20,4.60
2016,4,23.60,13.80,6.90
2016,7,28.20,16.90,8.45
2017,1,2.70,2.70,1.35
2017,2,2.70,2.70,1.35
2017,3,19.90,10.50,5.25
2017,4,20.35,10.05,5.02
2017,7,25.05,13.95,6.98
2019,1,1.75,1.75,0.88
2019,2,3.00,3.00,1.50
2019,3,18.60,7.20,3.60
2019,4,20.72,9.52,4.76
2019,7,26.89,15.49,7.75
2020,1,5.70,5.70,2.85
2020,2,6.60,6.60,3.30
2020,3,22.95,11.85,5.93
2020,4,22.20,9.60,4.80
2020,7,24.40,11.60,5.80
2021,1,2.45,2.45,1.22
2021,2,2.12,2.12,1.06
2021,3,17.26,8.06,4.03
2021,4,15.17,5.97,2.99
2021,7,19.45,11.25,5.62
2022,1,3.00,3.00,1.50
2022,2,3.20,3.20,1.60
2022,3,18.21,8.11,4.05
2022,4,15.70,6.60,3.30
2022,7,22.21,8.51,4.26
2023,1,3.90,3.90,1.95
2023,2,4.10,4.10,2.05
2023,3,17.80,9.00,4.50
2023,4,20.50,10.80,5.40
2023,7,26.40,17.00,8.50
2024,1,2.60,2.60,1.30
2024,2,4.90,4.90,2.45
2024,3,22.45,12.25,6.13
2024,4,26.10,15.10,7.55
2024,7,21.60,10.50,5.25
2025,1,5.30,5.30,2.65
2025,2,3.80,3.80,1.90
2025,3,28.70,14.60,7.30
2025,4,32.00,17.60,8.80
2025,7,45.00,29.55,14.77
2030,1,5.70,5.70,2.85
2030,2,6.60,6.60,3.30
2030,3,20.00,11.60,5.80
2030,4,15.00,6.20,3.10
2030,7,20.25,12.05,6.02
2031,1,5.30,5.30,2.65
2031,2,5.60,5.60,2.80
2031,3,23.70,13.00,6.50
2031,4,21.30,11.10,5.55
2031,7,26.00,16.60,8.30
2032,1,2.60,2.60,1.30
2032,2,2.80,2.80,1.40
2032,3,18.50,7.60,3.80
2032,4,19.20,8.80,4.40
2032,7,23.00,11.50,5.75
2033,1,3.65,3.65,1.83
2033,2,5.95,5.95,2.97
2033,3,18.30,7.50,3.75
2033,4,18.15,8.15,4.08
2033,7,23.60,11.60,5.80
2036,1,4.90,4.90,2.45
2036,2,6.10,6.10,3.05
2036,3,24.18,10.08,5.04
2036,4,25.00,8.80,4.40
2036,7,33.90,17.20,8.60
2037,1,2.30,2.30,1.15
2037,2,2.80,2.80,1.40
2037,3,21.40,7.80,3.90
2037,4,22.50,12.50,6.25
2037,7,30.40,11.50,5.75
2038,1,3.60,3.60,1.80
2038,2,4.60,4.60,2.30
2038,3,18.50,7.90,3.95
2038,4,24.10,13.50,6.75
2038,7,25.79,13.79,6.90
2039,1,2.80,2.80,1.40
2039,2,3.40,3.40,1.70
2039,3,24.70,16.10,8.05
2039,4,19.90,11.40,5.70
2039,7,19.70,9.00,4.50
2040,1,5.60,5.60,2.80
2040,2,4.90,4.90,2.45
2040,3,21.40,12.00,6.00
2040,4,20.17,11.97,5.99
2040,7,24.69,12.49,6.24
2042,1,2.70,2.70,1.35
2042,2,2.70,2.70,1.35
2042,3,19.55,9.20,4.60
2042,4,20.65,12.00,6.00
2042,7,24.15,14.15,7.07
2044,1,2.50,2.50,1.25
2044,2,2.31,2.31,1.15
2044,3,18.09,9.19,4.60
2044,4,17.70,8.60,4.30
2044,7,27.90,17.90,8.95
2048,1,3.60,3.60,1.80
2048,2,3.30,3.30,1.65
2048,3,20.05,6.45,3.22
2048,4,27.30,10.20,5.10
2048,7,31.90,14.60,7.30
2050,1,2.53,2.53,1.26
2050,2,3.85,3.85,1.93
2050,3,22.34,11.04,5.52
2050,4,20.80,10.90,5.45
2050,7,23.10,9.25,4.62
2051,1,2.20,2.20,1.10
2051,2,5.30,5.30,2.65
2051,3,17.05,6.15,3.07
2051,4,19.90,10.00,5.00
2051,7,23.73,10.43,5.21
2054,1,3.53,3.53,1.76
2054,2,3.10,3.10,1.55
2054,3,21.90,8.10,4.05
2054,4,21.70,7.00,3.50
2054,7,27.66,13.01,6.50
2055,1,2.75,2.75,1.37
2055,2,2.75,2.75,1.38
2055,3,19.20,8.10,4.05
2055,4,28.50,15.35,7.67
2055,7,26.05,13.20,6.60
2057,1,3.62,3.62,1.81
2057,2,3.60,3.60,1.80
2057,3,19.30,8.40,4.20
2057,4,24.30,14.50,7.25
2057,7,26.70,14.50,7.25
2065,1,3.56,3.56,1.78
2065,2,4.05,4.05,2.03
2065,3,23.25,9.85,4.93
2065,4,27.10,10.70,5.35
2065,7,34.50,16.00,8.00
2066,1,4.80,4.80,2.40
2066,2,6.55,6.55,3.28
2066,3,28.00,13.60,6.80
2066,4,26.85,12.60,6.30
2066,7,36.96,23.01,11.51
2072,1,2.34,2.34,1.17
2072,2,2.10,2.10,1.05
2072,3,25.30,10.70,5.35
2072,4,29.93,16.03,8.01
2072,7,30.70,17.00,8.50
2073,1,4.20,4.20,2.10
2073,2,4.60,4.60,2.30
2073,3,21.58,9.88,4.94
2073,4,22.11,9.81,4.90
2073,7,29.15,14.05,7.02
2076,1,2.37,2.37,1.19
2076,2,3.40,3.40,1.70
2076,3,29.40,16.30,8.15
2076,4,27.70,15.00,7.50
2076,7,31.70,18.50,9.25
2079,1,3.10,3.10,1.55
2079,2,6.80,6.80,3.40
2079,3,21.70,11.50,5.75
2079,4,22.40,11.00,5.50
2079,7,25.40,13.00,6.50
2080,1,4.00,4.00,2.00
2080,2,4.60,4.60,2.30
2080,3,26.90,11.20,5.60
2080,4,19.74,6.94,3.47
2080,7,30.15,15.55,7.78
2081,1,3.20,3.20,1.60
2081,2,5.60,5.60,2.80
2081,3,17.51,10.01,5.01
2081,4,18.70,8.60,4.30
2081,7,27.64,18.44,9.22
2084,1,3.37,3.37,1.69
2084,2,3.60,3.60,1.80
2084,3,24.00,8.50,4.25
2084,4,21.80,8.50,4.25
2084,7,29.00,15.50,7.75
2087,1,6.30,6.30,3.15
2087,2,5.30,5.30,2.65
2087,3,27.80,10.40,5.20
2087,4,28.20,6.60,3.30
2087,7,38.30,17.60,8.80
2088,1,5.80,5.80,2.90
2088,2,6.11,6.11,3.05
2088,3,35.00,19.50,9.75
2088,4,32.00,18.70,9.35
2088,7,29.27,15.07,7.53
2089,1,4.30,4.30,2.15
2089,2,4.75,4.75,2.38
2089,3,26.80,13.70,6.85
2089,4,21.90,8.60,4.30
2089,7,33.20,17.20,8.60
2091,1,4.00,4.00,2.00
2091,2,7.10,7.10,3.55
2091,3,20.45,9.25,4.62
2091,4,23.45,12.00,6.00
2091,7,24.90,14.10,7.05
2097,1,4.15,4.15,2.07
2097,2,3.60,3.60,1.80
2097,3,32.10,17.00,8.50
2097,4,23.85,10.25,5.13
2097,7,27.30,13.90,6.95
2098,1,4.50,4.50,2.25
2098,2,5.60,5.60,2.80
2098,3,28.60,14.60,7.30
2098,4,22.40,11.10,5.55
2098,7,29.10,16.50,8.25
2115,1,6.00,6.00,3.00
2115,2,4.90,4.90,2.45
2115,3,22.21,12.31,6.15
2115,4,22.52,8.72,4.36
2115,7,27.87,16.17,8.09
2927,1,4.30,4.30,2.15
2927,2,4.30,4.30,2.15
2927,3,28.80,14.10,7.05
2927,4,27.05,11.10,5.55
2927,7,31.30,15.30,7.65
2937,1,5.30,5.30,2.65
2937,2,5.60,5.60,2.80
2937,3,21.75,9.35,4.68
2937,4,23.10,9.30,4.65
2937,7,35.80,19.50,9.75
3001,1,3.00,3.00,1.50
3001,2,1.97,1.97,0.99
3001,3,14.75,6.45,3.22
3001,4,14.40,6.00,3.00
3001,7,17.55,9.25,4.63
3002,1,3.06,3.06,1.53
3002,2,3.40,3.40,1.70
3002,3,16.55,7.45,3.73
3002,4,14.15,5.45,2.72
3002,7,25.15,15.75,7.88
3004,1,2.75,2.75,1.38
3004,2,2.75,2.75,1.38
3004,3,14.85,6.85,3.42
3004,4,20.30,9.60,4.80
3004,7,21.80,11.70,5.85
3005,1,2.10,2.10,1.05
3005,2,1.86,1.86,0.93
3005,3,15.40,4.90,2.45
3005,4,20.20,10.00,5.00
3005,7,18.75,11.05,5.52
3006,1,3.00,3.00,1.50
3006,2,2.50,2.50,1.25
3006,3,21.85,10.00,5.00
3006,4,17.10,10.10,5.05
3006,7,20.70,11.00,5.50
3007,1,6.90,6.90,3.45
3007,2,6.50,6.50,3.25
3007,3,16.40,7.60,3.80
3007,4,19.10,6.60,3.30
3007,7,27.50,15.40,7.70
3008,1,6.01,6.01,3.00
3008,2,4.80,4.80,2.40
3008,3,27.19,16.59,8.29
3008,4,31.30,17.10,8.55
3008,7,33.10,22.00,11.00
3009,1,4.95,4.95,2.47
3009,2,5.10,5.10,2.55
3009,3,23.77,14.47,7.23
3009,4,24.30,13.70,6.85
3009,7,26.10,14.60,7.30
3010,1,2.15,2.15,1.08
3010,2,3.80,3.80,1.90
3010,3,25.90,14.40,7.20
3010,4,22.15,12.50,6.25
3010,7,25.20,12.10,6.05
3011,1,1.42,1.42,0.71
3011,2,1.82,1.82,0.91
3011,3,16.40,7.50,3.75
3011,4,13.05,5.25,2.62
3011,7,21.65,10.55,5.27
3015,1,2.70,2.70,1.35
3015,2,2.92,2.92,1.46
3015,3,17.95,9.55,4.78
3015,4,21.45,10.95,5.47
3015,7,16.03,7.53,3.77
3018,1,7.75,7.75,3.87
3018,2,6.80,6.80,3.40
3018,3,20.62,9.62,4.81
3018,4,19.02,9.82,4.91
3018,7,29.24,18.14,9.07
3019,1,3.00,3.00,1.50
3019,2,5.30,5.30,2.65
3019,3,25.05,14.15,7.08
3019,4,28.46,17.86,8.93
3019,7,31.90,15.40,7.70
3020,1,6.60,6.60,3.30
3020,2,4.60,4.60,2.30
3020,3,21.40,10.40,5.20
3020,4,20.21,10.91,5.45
3020,7,37.10,24.00,12.00
3024,1,6.10,6.10,3.05
3024,2,6.10,6.10,3.05
3024,3,27.40,13.10,6.55
3024,4,20.20,7.50,3.75
3024,7,37.00,18.20,9.10
3030,1,6.70,6.70,3.35
3030,2,5.80,5.80,2.90
3030,3,25.30,10.60,5.30
3030,4,24.60,10.60,5.30
3030,7,29.00,12.10,6.05
3032,1,2.50,2.50,1.25
3032,2,3.00,3.00,1.50
3032,3,20.60,8.50,4.25
3032,4,24.10,11.00,5.50
3032,7,26.10,16.00,8.00
3037,1,1.92,1.92,0.96
3037,2,1.65,1.65,0.83
3037,3,16.70,7.20,3.60
3037,4,22.33,11.33,5.67
3037,7,18.21,8.51,4.26
3038,1,4.00,4.00,2.00
3038,2,4.00,4.00,2.00
3038,3,29.80,16.60,8.30
3038,4,23.95,9.00,4.50
3038,7,34.91,18.91,9.46
3050,1,7.56,7.56,3.78
3050,2,4.60,4.60,2.30
3050,3,18.63,8.08,4.04
3050,4,19.85,9.60,4.80
3050,7,24.12,12.23,6.11
3051,1,3.30,3.30,1.65
3051,2,4.60,4.60,2.30
3051,3,18.80,10.60,5.30
3051,4,17.90,10.10,5.05
3051,7,23.29,11.99,5.99
3054,1,4.00,4.00,2.00
3054,2,3.30,3.30,1.65
3054,3,26.40,11.60,5.80
3054,4,21.10,7.20,3.60
3054,7,35.60,21.60,10.80
3084,1,5.30,5.30,2.65
3084,2,5.60,5.60,2.80
3084,3,23.10,12.60,6.30
3084,4,25.10,15.10,7.55
3084,7,24.00,10.40,5.20
3091,1,3.70,3.70,1.85
3091,2,3.70,3.70,1.85
3091,3,22.10,6.00,3.00
3091,4,23.36,7.66,3.83
3091,7,33.70,16.60,8.30
3905,1,3.80,3.80,1.90
3905,2,3.20,3.20,1.60
3905,3,23.20,9.40,4.70
3905,4,20.60,7.40,3.70
3905,7,34.20,20.60,10.30
3926,1,3.80,3.80,1.90
3926,2,4.80,4.80,2.40
3926,3,25.70,13.00,6.50
3926,4,22.95,9.50,4.75
3926,7,31.50,11.80,5.90
4001,1,2.30,2.30,1.15
4001,2,2.72,2.72,1.36
4001,3,13.55,6.45,3.22
4001,4,13.15,5.15,2.58
4001,7,15.00,6.70,3.35
4002,1,4.02,4.02,2.01
4002,2,4.57,4.57,2.28
4002,3,19.36,8.06,4.03
4002,4,11.81,4.91,2.46
4002,7,17.74,9.84,4.92
4003,1,3.40,3.40,1.70
4003,2,3.10,3.10,1.55
4003,3,20.40,9.10,4.55
4003,4,21.90,9.10,4.55
4003,7,25.90,13.40,6.70
4004,1,5.10,5.10,2.55
4004,2,6.60,6.60,3.30
4004,3,22.30,12.20,6.10
4004,4,27.17,12.87,6.44
4004,7,29.35,15.35,7.68
4005,1,3.70,3.70,1.85
4005,2,3.85,3.85,1.92
4005,3,18.85,8.75,4.37
4005,4,19.36,9.96,4.98
4005,7,17.20,7.00,3.50
4007,1,6.50,6.50,3.25
4007,2,7.78,7.78,3.89
4007,3,21.30,11.60,5.80
4007,4,20.80,8.60,4.30
4007,7,34.60,20.90,10.45
4009,1,3.30,3.30,1.65
4009,2,2.35,2.35,1.18
4009,3,26.90,16.70,8.35
4009,4,27.15,16.55,8.27
4009,7,31.35,16.95,8.48
4010,1,2.35,2.35,1.17
4010,2,4.60,4.60,2.30
4010,3,28.62,12.62,6.31
4010,4,23.70,11.20,5.60
4010,7,38.10,22.10,11.05
4011,1,4.00,4.00,2.00
4011,2,3.00,3.00,1.50
4011,3,15.25,7.55,3.78
4011,4,17.00,8.40,4.20
4011,7,17.30,8.10,4.05
4015,1,4.10,4.10,2.05
4015,2,4.70,4.70,2.35
4015,3,22.10,12.80,6.40
4015,4,21.20,10.30,5.15
4015,7,22.82,13.52,6.76
4020,1,4.50,4.50,2.25
4020,2,4.20,4.20,2.10
4020,3,21.30,11.90,5.95
4020,4,28.10,16.00,8.00
4020,7,33.70,20.10,10.05
4031,1,6.30,6.30,3.15
4031,2,7.30,7.30,3.65
4031,3,20.35,7.60,3.80
4031,4,28.80,11.60,5.80
4031,7,33.90,14.20,7.10
4032,1,5.30,5.30,2.65
4032,2,5.60,5.60,2.80
4032,3,28.35,14.10,7.05
4032,4,28.05,14.15,7.07
4032,7,34.90,19.25,9.63
4037,1,6.30,6.30,3.15
4037,2,3.80,3.80,1.90
4037,3,25.79,16.49,8.24
4037,4,21.55,9.65,4.83
4037,7,26.07,13.87,6.94
4050,1,3.30,3.30,1.65
4050,2,3.60,3.60,1.80
4050,3,26.70,12.60,6.30
4050,4,28.50,14.60,7.30
4050,7,39.55,25.85,12.93
4051,1,6.40,6.40,3.20
4051,2,3.86,3.86,1.93
4051,3,27.14,14.54,7.27
4051,4,21.82,11.22,5.61
4051,7,37.55,26.55,13.27
4091,1,3.10,3.10,1.55
4091,2,6.30,6.30,3.15
4091,3,35.05,15.45,7.72
4091,4,36.30,17.70,8.85
4091,7,47.29,22.59,11.30
5001,1,4.50,4.50,2.25
5001,2,4.60,4.60,2.30
5001,3,24.45,10.50,5.25
5001,4,24.70,9.50,4.75
5001,7,31.00,20.10,10.05
5002,1,5.70,5.70,2.85
5002,2,5.90,5.90,2.95
5002,3,27.91,16.11,8.05
5002,4,22.70,10.00,5.00
5002,7,28.25,15.55,7.77
5003,1,2.25,2.25,1.12
5003,2,3.60,3.60,1.80
5003,3,24.30,11.00,5.50
5003,4,20.60,11.00,5.50
5003,7,26.15,14.00,7.00
5004,1,2.00,2.00,1.00
5004,2,4.90,4.90,2.45
5004,3,24.10,12.00,6.00
5004,4,22.90,10.00,5.00
5004,7,34.14,17.24,8.62
5010,1,3.50,3.50,1.75
5010,2,6.00,6.00,3.00
5010,3,24.30,10.00,5.00
5010,4,19.39,6.99,3.50
5010,7,24.70,12.20,6.10
5011,1,3.10,3.10,1.55
5011,2,3.20,3.20,1.60
5011,3,21.10,9.00,4.50
5011,4,24.10,12.60,6.30
5011,7,31.05,16.50,8.25
5015,1,4.10,4.10,2.05
5015,2,4.30,4.30,2.15
5015,3,20.80,8.60,4.30
5015,4,24.40,9.80,4.90
5015,7,34.60,20.60,10.30
5025,1,2.60,2.60,1.30
5025,2,5.10,5.10,2.55
5025,3,20.80,9.10,4.55
5025,4,25.00,10.10,5.05
5025,7,27.00,14.30,7.15
5026,1,5.20,5.20,2.60
5026,2,5.30,5.30,2.65
5026,3,27.63,10.33,5.16
5026,4,36.10,17.10,8.55
5026,7,39.60,18.10,9.05
5037,1,4.30,4.30,2.15
5037,2,4.30,4.30,2.15
5037,3,26.35,12.00,6.00
5037,4,34.20,18.00,9.00
5037,7,35.65,20.00,10.00
5046,1,3.30,3.30,1.65
5046,2,4.60,4.60,2.30
5046,3,23.70,12.30,6.15
5046,4,33.35,18.65,9.33
5046,7,31.40,17.60,8.80
5050,1,7.30,7.30,3.65
5050,2,7.60,7.60,3.80
5050,3,21.35,11.50,5.75
5050,4,31.70,17.50,8.75
5050,7,28.25,14.15,7.07
5051,1,5.00,5.00,2.50
5051,2,4.80,4.80,2.40
5051,3,22.40,10.60,5.30
5051,4,24.40,9.70,4.85
5051,7,38.30,23.60,11.80
5052,1,6.40,6.40,3.20
5052,2,6.60,6.60,3.30
5052,3,21.80,11.10,5.55
5052,4,24.20,13.60,6.80
5052,7,24.60,12.00,6.00
5053,1,7.41,7.41,3.70
5053,2,4.20,4.20,2.10
5053,3,20.90,9.60,4.80
5053,4,24.50,12.60,6.30
5053,7,23.72,13.52,6.76
5056,1,5.57,5.57,2.78
5056,2,5.90,5.90,2.95
5056,3,23.20,11.90,5.95
5056,4,26.30,12.50,6.25
5056,7,29.75,17.55,8.78
5067,1,4.30,4.30,2.15
5067,2,5.30,5.30,2.65
5067,3,22.50,9.30,4.65
5067,4,24.45,12.60,6.30
5067,7,23.60,10.10,5.05
5068,1,4.30,4.30,2.15
5068,2,4.50,4.50,2.25
5068,3,23.85,11.40,5.70
5068,4,26.00,12.00,6.00
5068,7,25.90,10.10,5.05
5087,1,4.80,4.80,2.40
5087,2,4.50,4.50,2.25
5087,3,24.95,10.10,5.05
5087,4,25.03,10.20,5.10
5087,7,31.10,14.10,7.05
5089,1,7.30,7.30,3.65
5089,2,5.00,5.00,2.50
5089,3,21.50,7.60,3.80
5089,4,28.24,13.94,6.97
5089,7,27.80,10.30,5.15
5131,1,5.00,5.00,2.50
5131,2,5.30,5.30,2.65
5131,3,32.30,14.60,7.30
5131,4,29.50,11.10,5.55
5131,7,40.70,22.20,11.10
6001,1,2.30,2.30,1.15
6001,2,2.60,2.60,1.30
6001,3,21.40,11.60,5.80
6001,4,18.80,7.00,3.50
6001,7,29.40,18.60,9.30
6002,1,4.41,4.41,2.21
6002,2,5.60,5.60,2.80
6002,3,16.90,9.10,4.55
6002,4,14.69,6.49,3.25
6002,7,32.30,24.10,12.05
6003,1,7.80,7.80,3.90
6003,2,7.60,7.60,3.80
6003,3,22.30,10.70,5.35
6003,4,21.30,11.00,5.50
6003,7,26.15,13.15,6.58
6004,1,5.00,5.00,2.50
6004,2,5.80,5.80,2.90
6004,3,20.10,10.00,5.00
6004,4,19.08,7.78,3.89
6004,7,26.20,12.50,6.25
6005,1,2.10,2.10,1.05
6005,2,2.80,2.80,1.40
6005,3,20.70,8.00,4.00
6005,4,16.55,6.95,3.48
6005,7,25.71,14.31,7.15
6010,1,3.80,3.80,1.90
6010,2,3.95,3.95,1.97
6010,3,22.61,9.61,4.81
6010,4,29.65,14.60,7.30
6010,7,26.21,13.86,6.93
6011,1,4.90,4.90,2.45
6011,2,8.50,8.50,4.25
6011,3,23.90,10.50,5.25
6011,4,23.95,13.75,6.87
6011,7,34.40,18.70,9.35
6012,1,6.30,6.30,3.15
6012,2,6.30,6.30,3.15
6012,3,22.80,9.60,4.80
6012,4,28.10,14.60,7.30
6012,7,35.30,18.80,9.40
6020,1,4.30,4.30,2.15
6020,2,3.80,3.80,1.90
6020,3,24.00,11.10,5.55
6020,4,27.10,10.50,5.25
6020,7,36.20,17.90,8.95
6024,1,7.50,7.50,3.75
6024,2,7.40,7.40,3.70
6024,3,20.80,5.50,2.75
6024,4,20.50,7.60,3.80
6024,7,29.15,14.85,7.42
6025,1,6.30,6.30,3.15
6025,2,3.70,3.70,1.85
6025,3,22.55,9.75,4.88
6025,4,25.90,13.30,6.65
6025,7,32.20,17.00,8.50
6037,1,7.00,7.00,3.50
6037,2,7.30,7.30,3.65
6037,3,25.20,10.60,5.30
6037,4,31.04,12.64,6.32
6037,7,44.60,24.90,12.45
6039,1,6.60,6.60,3.30
6039,2,6.80,6.80,3.40
6039,3,23.70,8.40,4.20
6039,4,27.30,11.60,5.80
6039,7,37.25,25.20,12.60
6040,1,3.50,3.50,1.75
6040,2,5.40,5.40,2.70
6040,3,29.50,16.80,8.40
6040,4,26.50,11.30,5.65
6040,7,26.90,11.50,5.75
6049,1,2.30,2.30,1.15
6049,2,3.50,3.50,1.75
6049,3,21.30,10.00,5.00
6049,4,21.80,7.50,3.75
6049,7,26.20,13.70,6.85
6056,1,3.36,3.36,1.68
6056,2,3.60,3.60,1.80
6056,3,23.10,11.60,5.80
6056,4,21.20,12.40,6.20
6056,7,25.74,15.69,7.85
6062,1,4.20,4.20,2.10
6062,2,5.00,5.00,2.50
6062,3,29.40,18.20,9.10
6062,4,27.30,15.00,7.50
6062,7,28.65,16.20,8.10
6063,1,6.20,6.20,3.10
6063,2,7.60,7.60,3.80
6063,3,24.90,14.00,7.00
6063,4,23.80,12.80,6.40
6063,7,25.60,13.50,6.75
6064,1,4.50,4.50,2.25
6064,2,5.20,5.20,2.60
6064,3,23.78,14.08,7.04
6064,4,27.22,14.52,7.26
6064,7,25.15,13.95,6.97
6086,1,4.50,4.50,2.25
6086,2,4.80,4.80,2.40
6086,3,27.50,11.20,5.60
6086,4,22.00,10.60,5.30
6086,7,34.40,14.60,7.30
6087,1,4.30,4.30,2.15
6087,2,3.00,3.00,1.50
6087,3,22.00,9.00,4.50
6087,4,26.95,16.75,8.38
6087,7,25.10,11.00,5.50
6089,1,3.50,3.50,1.75
6089,2,3.60,3.60,1.80
6089,3,16.90,7.20,3.60
6089,4,20.90,9.50,4.75
6089,7,34.20,21.00,10.50
6092,1,7.80,7.80,3.90
6092,2,7.80,7.80,3.90
6092,3,27.50,11.40,5.70
6092,4,33.20,16.60,8.30
6092,7,33.90,16.60,8.30
6093,1,4.30,4.30,2.15
6093,2,4.80,4.80,2.40
6093,3,25.80,10.60,5.30
6093,4,24.20,8.20,4.10
6093,7,25.40,10.20,5.10
6094,1,4.80,4.80,2.40
6094,2,4.50,4.50,2.25
6094,3,26.35,10.60,5.30
6094,4,28.50,14.10,7.05
6094,7,28.70,12.60,6.30
6112,1,4.10,4.10,2.05
6112,2,2.60,2.60,1.30
6112,3,27.90,15.10,7.55
6112,4,23.67,12.87,6.43
6112,7,33.18,19.18,9.59
7005,1,6.10,6.10,3.05
7005,2,3.20,3.20,1.60
7005,3,26.60,13.60,6.80
7005,4,27.10,13.40,6.70
7005,7,39.60,25.10,12.55
7011,1,2.00,2.00,1.00
7011,2,2.60,2.60,1.30
7011,3,19.60,8.50,4.25
7011,4,22.50,10.80,5.40
7011,7,28.35,16.20,8.10
7024,1,5.30,5.30,2.65
7024,2,6.00,6.00,3.00
7024,3,33.30,13.60,6.80
7024,4,36.95,18.10,9.05
7024,7,36.29,17.90,8.95
7037,1,3.60,3.60,1.80
7037,2,3.40,3.40,1.70
7037,3,29.90,17.00,8.50
7037,4,21.88,8.68,4.34
7037,7,31.40,15.50,7.75
7038,1,4.50,4.50,2.25
7038,2,3.60,3.60,1.80
7038,3,32.00,11.60,5.80
7038,4,29.50,10.80,5.40
7038,7,40.40,19.50,9.75
7039,1,5.00,5.00,2.50
7039,2,3.36,3.36,1.68
7039,3,27.09,11.19,5.60
7039,4,37.80,19.70,9.85
7039,7,35.30,17.60,8.80
7042,1,5.30,5.30,2.65
7042,2,4.60,4.60,2.30
7042,3,24.40,13.60,6.80
7042,4,25.40,12.10,6.05
7042,7,30.20,13.60,6.80
7044,1,4.80,4.80,2.40
7044,2,4.30,4.30,2.15
7044,3,20.80,9.40,4.70
7044,4,26.10,14.60,7.30
7044,7,27.40,15.60,7.80
7060,1,4.60,4.60,2.30
7060,2,5.30,5.30,2.65
7060,3,28.90,13.60,6.80
7060,4,28.90,10.60,5.30
7060,7,41.00,23.30,11.65
7062,1,6.80,6.80,3.40
7062,2,6.80,6.80,3.40
7062,3,29.80,16.60,8.30
7062,4,25.70,11.60,5.80
7062,7,25.70,12.60,6.30
7063,1,6.30,6.30,3.15
7063,2,6.30,6.30,3.15
7063,3,30.10,19.00,9.50
7063,4,21.50,9.00,4.50
7063,7,26.45,14.50,7.25
7064,1,6.80,6.80,3.40
7064,2,6.90,6.90,3.45
7064,3,20.91,10.11,5.06
7064,4,22.20,9.80,4.90
7064,7,26.10,13.60,6.80
7073,1,5.30,5.30,2.65
7073,2,7.61,7.61,3.80
7073,3,27.45,14.15,7.07
7073,4,27.50,10.60,5.30
7073,7,36.60,15.90,7.95
7085,1,5.30,5.30,2.65
7085,2,5.18,5.18,2.59
7085,3,24.00,8.60,4.30
7085,4,27.57,14.27,7.14
7085,7,35.20,17.60,8.80
7095,1,4.00,4.00,2.00
7095,2,5.90,5.90,2.95
7095,3,21.75,8.30,4.15
7095,4,20.30,8.45,4.23
7095,7,31.05,17.10,8.55
8001,1,6.80,6.80,3.40
8001,2,6.30,6.30,3.15
8001,3,18.20,8.10,4.05
8001,4,18.95,5.70,2.85
8001,7,35.35,19.30,9.65
8002,1,4.00,4.00,2.00
8002,2,4.40,4.40,2.20
8002,3,18.60,5.90,2.95
8002,4,23.40,9.20,4.60
8002,7,35.40,21.50,10.75
8032,1,3.90,3.90,1.95
8032,2,3.60,3.60,1.80
8032,3,20.19,7.99,3.99
8032,4,24.61,10.61,5.31
8032,7,31.20,19.00,9.50
8038,1,3.30,3.30,1.65
8038,2,3.90,3.90,1.95
8038,3,23.00,8.40,4.20
8038,4,21.90,8.00,4.00
8038,7,23.20,10.00,5.00
8039,1,4.30,4.30,2.15
8039,2,4.30,4.30,2.15
8039,3,26.10,9.00,4.50
8039,4,24.00,10.00,5.00
8039,7,23.40,9.00,4.50
8055,1,5.10,5.10,2.55
8055,2,5.30,5.30,2.65
8055,3,23.90,11.10,5.55
8055,4,30.30,14.60,7.30
8055,7,40.10,23.60,11.80
8057,1,5.00,5.00,2.50
8057,2,6.60,6.60,3.30
8057,3,32.80,14.60,7.30
8057,4,31.40,14.20,7.10
8057,7,47.30,25.90,12.95
8058,1,8.10,8.10,4.05
8058,2,8.30,8.30,4.15
8058,3,25.80,12.80,6.40
8058,4,26.56,14.56,7.28
8058,7,29.30,14.60,7.30
8099,1,4.30,4.30,2.15
8099,2,5.70,5.70,2.85
8099,3,26.00,10.10,5.05
8099,4,26.05,8.10,4.05
8099,7,39.10,21.60,10.80
9101,1,2.00,2.00,1.00
9101,2,2.40,2.40,1.20
9102,1,2.00,2.00,1.00
9102,2,2.40,2.40,1.20
9103,1,2.00,2.00,1.00
9103,2,2.40,2.40,1.20
9104,1,2.00,2.00,1.00
9104,2,2.40,2.40,1.20
9105,1,2.00,2.00,1.00
9105,2,2.40,2.40,1.20
9106,1,2.00,2.00,1.00
9106,2,2.40,2.40,1.20
9107,1,2.00,2.00,1.00
9107,2,2.40,2.40,1.20
9108,1,2.00,2.00,1.00
9108,2,2.40,2.40,1.20
9109,1,2.00,2.00,1.00
9109,2,2.40,2.40,1.20
9110,1,2.15,2.15,1.07
9110,2,2.50,2.50,1.25
9111,1,2.15,2.15,1.07
9111,2,2.50,2.50,1.25
9112,1,2.15,2.15,1.07
9112,2,2.50,2.50,1.25
9113,1,2.15,2.15,1.07
9113,2,2.50,2.50,1.25
9114,1,2.15,2.15,1.07
9114,2,2.50,2.50,1.25
9115,1,2.15,2.15,1.07
9115,2,2.50,2.50,1.25
9116,1,2.15,2.15,1.07
9116,2,2.50,2.50,1.25
9117,1,2.15,2.15,1.07
9117,2,2.50,2.50,1.25
9118,1,2.15,2.15,1.07
9118,2,2.50,2.50,1.25
9119,1,2.15,2.15,1.07
9119,2,2.50,2.50,1.25
9120,1,2.15,2.15,1.07
9120,2,2.50,2.50,1.25
9121,1,2.15,2.15,1.07
9121,2,2.50,2.50,1.25
9122,1,2.15,2.15,1.07
9122,2,2.50,2.50,1.25
9123,1,2.15,2.15,1.07
9123,2,2.50,2.50,1.25
9124,1,2.15,2.15,1.07
9124,2,2.50,2.50,1.25
9125,1,2.15,2.15,1.07
9125,2,2.50,2.50,1.25
9126,1,2.15,2.15,1.07
9126,2,2.50,2.50,1.25
9127,1,2.15,2.15,1.07
9127,2,2.50,2.50,1.25
9128,1,2.00,2.00,1.00
9128,2,2.40,2.40,1.20
9129,1,2.00,2.00,1.00
9129,2,2.40,2.40,1.20
9130,1,2.00,2.00,1.00
9130,2,2.40,2.40,1.20
9131,1,2.00,2.00,1.00
9131,2,2.40,2.40,1.20
9132,1,2.00,2.00,1.00
9132,2,2.40,2.40,1.20
9133,1,2.00,2.00,1.00
9133,2,2.40,2.40,1.20
9134,1,2.00,2.00,1.00
9134,2,2.40,2.40,1.20
9135,1,2.00,2.00,1.00
9135,2,2.40,2.40,1.20
9136,1,2.00,2.00,1.00
9136,2,2.40,2.40,1.20
9137,1,2.00,2.00,1.00
9137,2,2.40,2.40,1.20
9138,1,2.00,2.00,1.00
9138,2,2.40,2.40,1.20
9139,1,2.00,2.00,1.00
9139,2,2.40,2.40,1.20
9140,1,2.00,2.00,1.00
9140,2,2.40,2.40,1.20
9141,1,2.00,2.00,1.00
9141,2,2.40,2.40,1.20
9142,1,2.00,2.00,1.00
9142,2,2.40,2.40,1.20
9143,1,2.00,2.00,1.00
9143,2,2.40,2.40,1.20
9144,1,2.00,2.00,1.00
9144,2,2.40,2.40,1.20
9145,1,2.00,2.00,1.00
9145,2,2.40,2.40,1.20
9146,1,2.15,2.15,1.07
9146,2,2.35,2.35,1.18
9147,1,2.15,2.15,1.07
9147,2,2.35,2.35,1.18
9148,1,2.15,2.15,1.07
9148,2,2.35,2.35,1.18
9149,1,2.15,2.15,1.07
9149,2,2.35,2.35,1.18
9150,1,2.15,2.15,1.07
9150,2,2.35,2.35,1.18
9151,1,2.15,2.15,1.07
9151,2,2.35,2.35,1.18
9152,1,2.15,2.15,1.07
9152,2,2.35,2.35,1.18
9153,1,2.15,2.15,1.07
9153,2,2.35,2.35,1.18
9154,1,2.15,2.15,1.07
9154,2,2.35,2.35,1.18
9155,1,2.00,2.00,1.00
9155,2,1.70,1.70,0.85
9156,1,2.00,2.00,1.00
9156,2,1.70,1.70,0.85
9157,1,2.00,2.00,1.00
9157,2,1.70,1.70,0.85
9158,1,2.00,2.00,1.00
9158,2,1.70,1.70,0.85
9159,1,2.00,2.00,1.00
9159,2,1.70,1.70,0.85
9160,1,2.00,2.00,1.00
9160,2,1.70,1.70,0.85
9161,1,2.00,2.00,1.00
9161,2,1.70,1.70,0.85
9162,1,2.00,2.00,1.00
9162,2,1.70,1.70,0.85
9163,1,2.00,2.00,1.00
9163,2,1.70,1.70,0.85
9164,1,2.00,2.00,1.00
9164,2,1.70,1.70,0.85
9165,1,2.00,2.00,1.00
9165,2,1.70,1.70,0.85
9166,1,2.00,2.00,1.00
9166,2,1.70,1.70,0.85
9167,1,2.00,2.00,1.00
9167,2,1.70,1.70,0.85
9168,1,2.00,2.00,1.00
9168,2,1.70,1.70,0.85
9169,1,2.00,2.00,1.00
9169,2,1.70,1.70,0.85
9170,1,2.00,2.00,1.00
9170,2,1.70,1.70,0.85
9171,1,2.00,2.00,1.00
9171,2,1.70,1.70,0.85
9172,1,2.00,2.00,1.00
9172,2,1.70,1.70,0.85
9173,1,2.00,2.00,1.00
9173,2,1.70,1.70,0.85
9174,1,2.00,2.00,1.00
9174,2,1.70,1.70,0.85
9175,1,2.00,2.00,1.00
9175,2,1.70,1.70,0.85
9176,1,2.00,2.00,1.00
9176,2,1.70,1.70,0.85
9177,1,2.00,2.00,1.00
9177,2,1.70,1.70,0.85
9178,1,2.00,2.00,1.00
9178,2,1.70,1.70,0.85
9179,1,2.00,2.00,1.00
9179,2,1.70,1.70,0.85
9180,1,2.00,2.00,1.00
9180,2,1.70,1.70,0.85
9181,1,2.00,2.00,1.00
9181,2,1.70,1.70,0.85
9182,1,2.03,2.03,1.01
9182,2,2.60,2.60,1.30
9183,1,2.03,2.03,1.01
9183,2,2.60,2.60,1.30
9184,1,2.03,2.03,1.01
9184,2,2.60,2.60,1.30
9185,1,2.03,2.03,1.01
9185,2,2.60,2.60,1.30
9186,1,2.03,2.03,1.01
9186,2,2.60,2.60,1.30
9187,1,2.03,2.03,1.01
9187,2,2.60,2.60,1.30
9188,1,2.03,2.03,1.01
9188,2,2.60,2.60,1.30
9189,1,2.03,2.03,1.01
9189,2,2.60,2.60,1.30
9190,1,2.03,2.03,1.01
9190,2,2.60,2.60,1.30
9191,1,2.25,2.25,1.12
9191,2,2.50,2.50,1.25
9192,1,2.25,2.25,1.12
9192,2,2.50,2.50,1.25
9193,1,2.25,2.25,1.12
9193,2,2.50,2.50,1.25
9194,1,2.25,2.25,1.12
9194,2,2.50,2.50,1.25
9195,1,2.25,2.25,1.12
9195,2,2.50,2.50,1.25
9196,1,2.25,2.25,1.12
9196,2,2.50,2.50,1.25
9197,1,2.25,2.25,1.12
9197,2,2.50,2.50,1.25
9198,1,2.25,2.25,1.12
9198,2,2.50,2.50,1.25
9199,1,2.25,2.25,1.12
9199,2,2.50,2.50,1.25
9201,1,3.20,3.20,1.60
9201,2,2.35,2.35,1.17
9202,1,3.20,3.20,1.60
9202,2,2.35,2.35,1.17
9203,1,3.20,3.20,1.60
9203,2,2.35,2.35,1.17
9204,1,3.20,3.20,1.60
9204,2,2.35,2.35,1.17
9205,1,3.20,3.20,1.60
9205,2,2.35,2.35,1.17
9206,1,3.20,3.20,1.60
9206,2,2.35,2.35,1.17
9207,1,3.20,3.20,1.60
9207,2,2.35,2.35,1.17
9208,1,3.20,3.20,1.60
9208,2,2.35,2.35,1.17
9209,1,3.20,3.20,1.60
9209,2,2.35,2.35,1.17
9218,1,1.97,1.97,0.99
9218,2,2.15,2.15,1.08
9219,1,1.97,1.97,0.99
9219,2,2.15,2.15,1.08
9220,1,1.97,1.97,0.99
9220,2,2.15,2.15,1.08
9221,1,1.97,1.97,0.99
9221,2,2.15,2.15,1.08
9222,1,1.97,1.97,0.99
9222,2,2.15,2.15,1.08
9223,1,1.97,1.97,0.99
9223,2,2.15,2.15,1.08
9224,1,1.97,1.97,0.99
9224,2,2.15,2.15,1.08
9225,1,1.97,1.97,0.99
9225,2,2.15,2.15,1.08
9226,1,1.97,1.97,0.99
9226,2,2.15,2.15,1.08
9227,1,1.75,1.75,0.87
9227,2,1.40,1.40,0.70
9228,1,1.75,1.75,0.87
9228,2,1.40,1.40,0.70
9229,1,1.70,1.70,0.85
9229,2,1.42,1.42,0.71
9230,1,1.70,1.70,0.85
9230,2,1.42,1.42,0.71
9231,1,1.90,1.90,0.95
9231,2,1.55,1.55,0.78
9232,1,1.90,1.90,0.95
9232,2,1.55,1.55,0.78
9233,1,1.90,1.90,0.95
9233,2,1.55,1.55,0.78
9234,1,1.75,1.75,0.87
9234,2,1.40,1.40,0.70
9235,1,1.70,1.70,0.85
9235,2,1.42,1.42,0.71
9236,1,2.10,2.10,1.05
9236,2,2.70,2.70,1.35
9237,1,2.00,2.00,1.00
9237,2,2.40,2.40,1.20
9238,1,2.00,2.00,1.00
9238,2,2.40,2.40,1.20
9239,1,2.00,2.00,1.00
9239,2,2.40,2.40,1.20
9240,1,2.00,2.00,1.00
9240,2,2.40,2.40,1.20
9241,1,2.00,2.00,1.00
9241,2,2.40,2.40,1.20
9242,1,2.00,2.00,1.00
9242,2,2.40,2.40,1.20
9243,1,2.00,2.00,1.00
9243,2,2.40,2.40,1.20
9244,1,2.00,2.00,1.00
9244,2,2.40,2.40,1.20
9245,1,2.00,2.00,1.00
9245,2,2.40,2.40,1.20
9246,1,2.15,2.15,1.07
9246,2,2.35,2.35,1.18
9247,1,2.15,2.15,1.07
9247,2,2.35,2.35,1.18
9248,1,2.15,2.15,1.07
9248,2,2.35,2.35,1.18
9249,1,2.15,2.15,1.07
9249,2,2.35,2.35,1.18
9250,1,2.15,2.15,1.07
9250,2,2.35,2.35,1.18
9251,1,2.15,2.15,1.07
9251,2,2.35,2.35,1.18
9252,1,2.15,2.15,1.07
9252,2,2.35,2.35,1.18
9253,1,2.15,2.15,1.07
9253,2,2.35,2.35,1.18
9254,1,2.15,2.15,1.07
9254,2,2.35,2.35,1.18
9255,1,2.20,2.20,1.10
9255,2,3.48,3.48,1.74
9256,1,2.20,2.20,1.10
9256,2,3.48,3.48,1.74
9257,1,2.20,2.20,1.10
9257,2,3.48,3.48,1.74
9258,1,2.20,2.20,1.10
9258,2,3.48,3.48,1.74
9259,1,2.20,2.20,1.10
9259,2,3.48,3.48,1.74
9260,1,2.20,2.20,1.10
9260,2,3.48,3.48,1.74
9261,1,2.20,2.20,1.10
9261,2,3.48,3.48,1.74
9262,1,2.20,2.20,1.10
9262,2,3.48,3.48,1.74
9263,1,2.20,2.20,1.10
9263,2,3.48,3.48,1.74
9264,1,1.90,1.90,0.95
9264,2,3.70,3.70,1.85
9265,1,1.90,1.90,0.95
9265,2,3.70,3.70,1.85
9266,1,1.90,1.90,0.95
9266,2,3.70,3.70,1.85
9267,1,1.90,1.90,0.95
9267,2,3.70,3.70,1.85
9268,1,1.90,1.90,0.95
9268,2,3.70,3.70,1.85
9269,1,1.90,1.90,0.95
9269,2,3.70,3.70,1.85
9270,1,1.90,1.90,0.95
9270,2,3.70,3.70,1.85
9271,1,1.90,1.90,0.95
9271,2,3.70,3.70,1.85
9272,1,1.90,1.90,0.95
9272,2,3.70,3.70,1.85
9273,1,3.70,3.70,1.85
9273,2,3.40,3.40,1.70
9274,1,3.70,3.70,1.85
9274,2,3.40,3.40,1.70
9275,1,3.70,3.70,1.85
9275,2,3.40,3.40,1.70
9276,1,3.70,3.70,1.85
9276,2,3.40,3.40,1.70
9277,1,3.70,3.70,1.85
9277,2,3.40,3.40,1.70
9278,1,3.70,3.70,1.85
9278,2,3.40,3.40,1.70
9279,1,3.70,3.70,1.85
9279,2,3.40,3.40,1.70
9280,1,3.70,3.70,1.85
9280,2,3.40,3.40,1.70
9281,1,3.70,3.70,1.85
9281,2,3.40,3.40,1.70
9282,1,1.92,1.92,0.96
9282,2,2.70,2.70,1.35
9283,1,1.92,1.92,0.96
9283,2,2.70,2.70,1.35
9284,1,1.92,1.92,0.96
9284,2,2.70,2.70,1.35
9285,1,1.92,1.92,0.96
9285,2,2.70,2.70,1.35
9286,1,1.92,1.92,0.96
9286,2,2.70,2.70,1.35
9287,1,1.92,1.92,0.96
9287,2,2.70,2.70,1.35
9288,1,1.92,1.92,0.96
9288,2,2.70,2.70,1.35
9289,1,1.92,1.92,0.96
9289,2,2.70,2.70,1.35
9290,1,1.92,1.92,0.96
9290,2,2.70,2.70,1.35
9291,1,2.10,2.10,1.05
9291,2,3.59,3.59,1.80
9292,1,2.10,2.10,1.05
9292,2,3.59,3.59,1.80
9293,1,2.10,2.10,1.05
9293,2,3.59,3.59,1.80
9294,1,2.10,2.10,1.05
9294,2,3.59,3.59,1.80
9295,1,2.10,2.10,1.05
9295,2,3.59,3.59,1.80
9296,1,2.10,2.10,1.05
9296,2,3.59,3.59,1.80
9297,1,2.10,2.10,1.05
9297,2,3.59,3.59,1.80
9298,1,2.10,2.10,1.05
9298,2,3.59,3.59,1.80
9299,1,2.10,2.10,1.05
9299,2,3.59,3.59,1.80
9300,1,1.60,1.60,0.80
9300,2,3.30,3.30,1.65
9301,1,1.60,1.60,0.80
9301,2,3.30,3.30,1.65
9302,1,1.60,1.60,0.80
9302,2,3.30,3.30,1.65
9303,1,1.60,1.60,0.80
9303,2,3.30,3.30,1.65
9304,1,1.60,1.60,0.80
9304,2,3.30,3.30,1.65
9305,1,1.60,1.60,0.80
9305,2,3.30,3.30,1.65
9306,1,1.60,1.60,0.80
9306,2,3.30,3.30,1.65
9307,1,1.60,1.60,0.80
9307,2,3.30,3.30,1.65
9308,1,1.60,1.60,0.80
9308,2,3.30,3.30,1.65
9309,1,3.10,3.10,1.55
9309,2,3.60,3.60,1.80
9310,1,3.10,3.10,1.55
9310,2,3.60,3.60,1.80
9311,1,3.10,3.10,1.55
9311,2,3.60,3.60,1.80
9312,1,3.10,3.10,1.55
9312,2,3.60,3.60,1.80
9313,1,3.10,3.10,1.55
9313,2,3.60,3.60,1.80
9314,1,3.10,3.10,1.55
9314,2,3.60,3.60,1.80
9315,1,3.10,3.10,1.55
9315,2,3.60,3.60,1.80
9316,1,3.10,3.10,1.55
9316,2,3.60,3.60,1.80
9317,1,3.10,3.10,1.55
9317,2,3.60,3.60,1.80
9318,1,2.80,2.80,1.40
9318,2,4.90,4.90,2.45
9319,1,2.80,2.80,1.40
9319,2,4.90,4.90,2.45
9320,1,2.80,2.80,1.40
9320,2,4.90,4.90,2.45
9321,1,2.80,2.80,1.40
9321,2,4.90,4.90,2.45
9322,1,2.80,2.80,1.40
9322,2,4.90,4.90,2.45
9323,1,2.80,2.80,1.40
9323,2,4.90,4.90,2.45
9324,1,2.80,2.80,1.40
9324,2,4.90,4.90,2.45
9325,1,2.80,2.80,1.40
9325,2,4.90,4.90,2.45
9326,1,2.80,2.80,1.40
9326,2,4.90,4.90,2.45
9327,1,2.70,2.70,1.35
9327,2,3.60,3.60,1.80
9328,1,2.70,2.70,1.35
9328,2,3.60,3.60,1.80
9329,1,2.70,2.70,1.35
9329,2,3.60,3.60,1.80
9330,1,2.70,2.70,1.35
9330,2,3.60,3.60,1.80
9331,1,2.70,2.70,1.35
9331,2,3.60,3.60,1.80
9332,1,2.70,2.70,1.35
9332,2,3.60,3.60,1.80
9333,1,2.70,2.70,1.35
9333,2,3.60,3.60,1.80
9334,1,2.70,2.70,1.35
9334,2,3.60,3.60,1.80
9335,1,2.70,2.70,1.35
9335,2,3.60,3.60,1.80
9336,1,1.90,1.90,0.95
9336,2,2.90,2.90,1.45
9337,1,1.90,1.90,0.95
9337,2,2.90,2.90,1.45
9338,1,1.90,1.90,0.95
9338,2,2.90,2.90,1.45
9339,1,1.90,1.90,0.95
9339,2,2.90,2.90,1.45
9340,1,1.90,1.90,0.95
9340,2,2.90,2.90,1.45
9341,1,1.90,1.90,0.95
9341,2,2.90,2.90,1.45
9342,1,1.90,1.90,0.95
9342,2,2.90,2.90,1.45
9343,1,1.90,1.90,0.95
9343,2,2.90,2.90,1.45
9344,1,1.90,1.90,0.95
9344,2,2.90,2.90,1.45
9345,1,2.26,2.26,1.13
9345,2,2.35,2.35,1.17
9346,1,2.26,2.26,1.13
9346,2,2.35,2.35,1.17
9347,1,2.26,2.26,1.13
9347,2,2.35,2.35,1.17
9348,1,2.26,2.26,1.13
9348,2,2.35,2.35,1.17
9349,1,2.26,2.26,1.13
9349,2,2.35,2.35,1.17
9350,1,2.26,2.26,1.13
9350,2,2.35,2.35,1.17
9351,1,2.26,2.26,1.13
9351,2,2.35,2.35,1.17
9352,1,2.26,2.26,1.13
9352,2,2.35,2.35,1.17
9353,1,2.26,2.26,1.13
9353,2,2.35,2.35,1.17
9354,1,2.27,2.27,1.14
9354,2,2.41,2.41,1.20
9355,1,2.27,2.27,1.14
9355,2,2.41,2.41,1.20
9356,1,2.27,2.27,1.14
9356,2,2.41,2.41,1.20
9357,1,2.27,2.27,1.14
9357,2,2.41,2.41,1.20
9358,1,2.27,2.27,1.14
9358,2,2.41,2.41,1.20
9359,1,2.27,2.27,1.14
9359,2,2.41,2.41,1.20
9360,1,2.27,2.27,1.14
9360,2,2.41,2.41,1.20
9361,1,2.27,2.27,1.14
9361,2,2.41,2.41,1.20
9362,1,2.27,2.27,1.14
9362,2,2.41,2.41,1.20
9363,1,3.30,3.30,1.65
9363,2,4.50,4.50,2.25
9364,1,3.30,3.30,1.65
9364,2,4.50,4.50,2.25
9365,1,3.30,3.30,1.65
9365,2,4.50,4.50,2.25
9366,1,3.30,3.30,1.65
9366,2,4.50,4.50,2.25
9367,1,3.30,3.30,1.65
9367,2,4.50,4.50,2.25
9368,1,3.30,3.30,1.65
9368,2,4.50,4.50,2.25
9369,1,3.30,3.30,1.65
9369,2,4.50,4.50,2.25
9370,1,3.30,3.30,1.65
9370,2,4.50,4.50,2.25
9371,1,3.30,3.30,1.65
9371,2,4.50,4.50,2.25
9390,1,2.70,2.70,1.35
9390,2,3.30,3.30,1.65
9391,1,2.70,2.70,1.35
9391,2,3.30,3.30,1.65
9392,1,2.70,2.70,1.35
9392,2,3.30,3.30,1.65
9393,1,2.70,2.70,1.35
9393,2,3.30,3.30,1.65
9394,1,2.70,2.70,1.35
9394,2,3.30,3.30,1.65
9395,1,2.70,2.70,1.35
9395,2,3.30,3.30,1.65
9396,1,2.70,2.70,1.35
9396,2,3.30,3.30,1.65
9397,1,2.70,2.70,1.35
9397,2,3.30,3.30,1.65
9398,1,2.70,2.70,1.35
9398,2,3.30,3.30,1.65
10002,1,3.49,3.49,1.74
10002,2,3.30,3.30,1.65
10002,3,15.30,12.50,6.25
10002,4,14.89,12.09,6.05
10002,7,19.41,16.61,8.30
10003,1,5.30,5.30,2.65
10003,2,5.30,5.30,2.65
10003,3,32.30,14.60,7.30
10003,4,30.20,14.60,7.30
10003,7,35.10,19.10,9.55
10030,1,6.70,6.70,3.35
10030,2,5.90,5.90,2.95
10030,3,30.70,13.60,6.80
10030,4,32.15,12.10,6.05
10030,7,35.20,20.80,10.40
10043,1,4.80,4.80,2.40
10043,2,3.80,3.80,1.90
10043,3,26.95,9.65,4.83
10043,4,40.90,20.60,10.30
10043,7,31.60,10.30,5.15
10069,1,6.30,6.30,3.15
10069,2,6.30,6.30,3.15
10069,3,33.75,16.60,8.30
10069,4,25.40,10.30,5.15
10069,7,40.10,20.60,10.30
10107,1,4.80,4.80,2.40
10107,2,7.30,7.30,3.65
10107,3,25.60,9.30,4.65
10107,4,31.30,11.10,5.55
10107,7,39.70,20.60,10.30
11003,1,4.20,4.20,2.10
11003,2,2.80,2.80,1.40
11003,3,32.10,18.70,9.35
11003,4,31.90,16.00,8.00
11003,7,28.50,18.20,9.10
11009,1,6.30,6.30,3.15
11009,2,6.30,6.30,3.15
11009,3,28.00,12.60,6.30
11009,4,33.31,15.21,7.60
11009,7,39.10,21.10,10.55
11010,1,6.30,6.30,3.15
11010,2,6.30,6.30,3.15
11010,3,24.50,11.10,5.55
11010,4,26.90,12.60,6.30
11010,7,35.60,19.30,9.65
11032,1,5.30,5.30,2.65
11032,2,5.80,5.80,2.90
11032,3,27.60,12.10,6.05
11032,4,27.80,14.10,7.05
11032,7,33.65,18.40,9.20
11040,1,5.10,5.10,2.55
11040,2,5.60,5.60,2.80
11040,3,29.90,14.50,7.25
11040,4,25.00,11.00,5.50
11040,7,32.90,15.40,7.70
11044,1,5.70,5.70,2.85
11044,2,6.60,6.60,3.30
11044,3,28.11,14.61,7.31
11044,4,28.71,14.81,7.40
11044,7,35.60,21.70,10.85
11048,1,4.30,4.30,2.15
11048,2,5.30,5.30,2.65
11048,3,29.15,9.60,4.80
11048,4,29.87,13.50,6.75
11048,7,42.04,21.70,10.85
11050,1,4.80,4.80,2.40
11050,2,3.80,3.80,1.90
11050,3,31.25,13.60,6.80
11050,4,34.30,15.40,7.70
11050,7,44.80,24.10,12.05
11103,1,3.80,3.80,1.90
11103,2,3.30,3.30,1.65
11103,3,29.50,12.80,6.40
11103,4,27.20,12.60,6.30
11103,7,29.20,15.10,7.55
12004,1,5.30,5.30,2.65
12004,2,5.30,5.30,2.65
12004,3,24.40,12.10,6.05
12004,4,24.40,11.60,5.80
12004,7,33.10,18.10,9.05
12008,1,4.10,4.10,2.05
12008,2,5.30,5.30,2.65
12008,3,26.70,12.10,6.05
12008,4,29.15,13.60,6.80
12008,7,39.36,22.61,11.31
12015,1,3.80,3.80,1.90
12015,2,4.60,4.60,2.30
12015,3,29.50,13.10,6.55
12015,4,32.30,10.30,5.15
12015,7,33.50,13.80,6.90
12104,1,4.21,4.21,2.10
12104,2,4.00,4.00,2.00
12104,3,26.00,10.60,5.30
12104,4,31.10,15.60,7.80
12104,7,43.10,28.60,14.30
13002,1,4.60,4.60,2.30
13002,2,5.90,5.90,2.95
13002,3,17.70,8.00,4.00
13002,4,22.30,11.00,5.50
13002,7,24.50,12.00,6.00
13005,1,4.50,4.50,2.25
13005,2,4.30,4.30,2.15
13005,3,16.60,12.80,6.40
13005,4,17.10,13.30,6.65
13005,7,22.40,18.60,9.30
13007,1,3.65,3.65,1.83
13007,2,5.60,5.60,2.80
13007,3,24.70,11.40,5.70
13007,4,24.30,11.30,5.65
13007,7,45.50,29.60,14.80
13037,1,3.80,3.80,1.90
13037,2,5.80,5.80,2.90
13037,3,28.50,10.10,5.05
13037,4,27.30,10.60,5.30
13037,7,36.90,14.60,7.30
13056,1,8.30,8.30,4.15
13056,2,7.10,7.10,3.55
13056,3,32.40,17.00,8.50
13056,4,22.90,11.60,5.80
13056,7,42.71,25.11,12.55
14006,1,4.30,4.30,2.15
14006,2,3.80,3.80,1.90
14006,3,33.60,13.40,6.70
14006,4,35.50,12.80,6.40
14006,7,37.45,18.75,9.38
14015,1,5.70,5.70,2.85
14015,2,6.80,6.80,3.40
14015,3,27.01,11.71,5.85
14015,4,24.90,11.80,5.90
14015,7,35.00,17.90,8.95
15004,1,5.10,5.10,2.55
15004,2,3.40,3.40,1.70
15004,3,17.69,7.74,3.87
15004,4,24.60,14.60,7.30
15004,7,34.10,17.60,8.80
15051,1,7.30,7.30,3.65
15051,2,5.60,5.60,2.80
15051,3,25.20,10.60,5.30
15051,4,21.65,8.15,4.08
15051,7,34.20,20.10,10.05
16004,1,4.80,4.80,2.40
16004,2,4.60,4.60,2.30
16004,3,28.10,10.10,5.05
16004,4,25.60,11.10,5.55
16004,7,29.40,13.80,6.90
16006,1,7.75,7.75,3.87
16006,2,8.60,8.60,4.30
16006,3,26.00,12.60,6.30
16006,4,27.50,12.10,6.05
16006,7,45.80,30.10,15.05
17051,1,4.41,4.41,2.20
17051,2,5.50,5.50,2.75
17051,3,23.00,10.00,5.00
17051,4,24.70,11.80,5.90
17051,7,38.30,22.80,11.40
18005,1,4.99,4.99,2.50
18005,2,5.10,5.10,2.55
18005,3,22.40,10.80,5.40
18005,4,21.28,8.68,4.34
18005,7,31.35,15.65,7.82
19001,1,4.25,4.25,2.13
19001,2,2.25,2.25,1.12
19001,3,21.40,10.00,5.00
19001,4,17.10,8.60,4.30
19001,7,29.70,18.10,9.05
19002,1,2.70,2.70,1.35
19002,2,4.75,4.75,2.38
19002,3,19.35,9.75,4.88
19002,4,15.80,6.10,3.05
19002,7,23.30,10.60,5.30
19003,1,4.80,4.80,2.40
19003,2,4.80,4.80,2.40
19003,3,22.50,7.60,3.80
19003,4,26.23,11.10,5.55
19003,7,33.18,15.10,7.55
19005,1,5.50,5.50,2.75
19005,2,5.40,5.40,2.70
19005,3,22.90,11.50,5.75
19005,4,23.00,12.50,6.25
19005,7,20.45,7.95,3.98
19009,1,5.00,5.00,2.50
19009,2,4.40,4.40,2.20
19009,3,19.90,9.50,4.75
19009,4,23.15,11.00,5.50
19009,7,36.40,23.60,11.80
19032,1,5.00,5.00,2.50
19032,2,5.10,5.10,2.55
19032,3,25.95,13.60,6.80
19032,4,26.10,14.10,7.05
19032,7,33.80,19.00,9.50
19037,1,3.80,3.80,1.90
19037,2,5.70,5.70,2.85
19037,3,26.91,11.51,5.76
19037,4,19.63,7.38,3.69
19037,7,30.77,15.32,7.66
20005,1,4.80,4.80,2.40
20005,2,8.10,8.10,4.05
20005,3,25.80,12.60,6.30
20005,4,27.10,15.00,7.50
20005,7,27.60,14.60,7.30
25001,1,4.50,4.50,2.25
25001,2,3.90,3.90,1.95
25001,3,26.45,13.20,6.60
25001,4,26.60,13.60,6.80
25001,7,30.20,14.60,7.30
25002,1,5.40,5.40,2.70
25002,2,4.60,4.60,2.30
25002,3,22.00,9.30,4.65
25002,4,29.25,16.15,8.08
25002,7,29.40,16.05,8.03
26001,1,3.60,3.60,1.80
26001,2,4.40,4.40,2.20
26002,1,5.30,5.30,2.65
26002,2,6.30,6.30,3.15
26002,3,26.90,11.10,5.55
26002,4,26.55,10.25,5.13
26002,7,28.60,12.60,6.30
27001,1,4.30,4.30,2.15
27001,2,4.10,4.10,2.05
27001,3,25.30,10.60,5.30
27001,4,25.75,12.35,6.18
27001,7,29.75,12.75,6.37
27002,1,5.80,5.80,2.90
27002,2,4.80,4.80,2.40
27002,3,27.70,13.60,6.80
27002,4,29.20,14.60,7.30
27002,7,23.30,8.60,4.30
50001,1,5.90,5.90,2.95
50001,2,7.60,7.60,3.80
50001,3,19.05,9.60,4.80
50001,4,18.30,8.60,4.30
50001,7,23.80,14.10,7.05
50002,1,5.10,5.10,2.55
50002,2,4.95,4.95,2.47
50002,3,21.60,12.60,6.30
50002,4,28.40,18.60,9.30
50002,7,25.30,15.60,7.80
50004,1,4.60,4.60,2.30
50004,2,7.80,7.80,3.90
50004,3,17.95,10.25,5.13
50004,4,18.30,9.60,4.80
50004,7,17.45,9.50,4.75
50030,1,6.30,6.30,3.15
50030,2,6.30,6.30,3.15
50030,3,17.80,9.40,4.70
50030,4,17.10,8.60,4.30
50030,7,18.00,9.40,4.70
50032,1,4.30,4.30,2.15
50032,2,4.30,4.30,2.15
50032,3,16.70,9.60,4.80
50032,4,17.80,10.10,5.05
50032,7,18.30,10.60,5.30
51002,1,9.30,9.30,4.65
51002,2,8.80,8.80,4.40
51002,3,22.60,13.10,6.55
51002,4,19.80,10.10,5.05
51002,7,21.70,12.80,6.40
